{
    "eta": 0.4641588833612779,
    "step": 5,
    "Error_Params_order_1": 25.946823120117188,
    "Error_Params_order_2": 1980042706944.0,
    "Error_Square_avg_order_1": 0.7360248565673828,
    "Error_Square_avg_order_2": 201.52838134765625
}