{
    "eta": 0.2154434690031884,
    "step": 13,
    "Error_Params_order_1": 2.2140121459960938,
    "Error_Params_order_2": 2251.756103515625,
    "Error_Square_avg_order_1": 0.24060076475143433,
    "Error_Square_avg_order_2": 1.402214765548706
}