{"0.4641588833612779": [0.8110580444335938, 0.791046142578125, 0.8010520935058594, 0.8010520935058593], "0.2154434690031884": [0.23492431640625, 0.23195648193359375, 0.37181544523589366, 0.17258144187716876], "0.1": [0.10515594482421875, 0.10065078735351562, 0.17258144187716876, 0.03718154452358936], "0.046415888336127795": [0.057834625244140625, 0.05780792236328125, 0.08010520935058595, 0.008010520935058595]}