{
    "eta": 0.046415888336127795,
    "step": 64,
    "Error_Params_order_1": 1.337907314300537,
    "Error_Params_order_2": 0.9066512584686279,
    "Error_Square_avg_order_1": 0.051612138748168945,
    "Error_Square_avg_order_2": 1.501918911933899
}