{
    "eta": 0.1,
    "step": 29,
    "Error_Params_order_1": 1.5048279762268066,
    "Error_Params_order_2": 0.9565958976745605,
    "Error_Square_avg_order_1": 0.07967272400856018,
    "Error_Square_avg_order_2": 1.589493751525879
}