{
    "eta": 0.4641588833612779,
    "step": 5,
    "Error_Params_order_1": 2.44748592376709,
    "Error_Params_order_2": 1441.293212890625,
    "Error_Square_avg_order_1": 0.18983012437820435,
    "Error_Square_avg_order_2": 0.7003306746482849
}