{
    "eta": 0.2154434690031884,
    "step": 13,
    "Error_Params_order_1": 2.500250816345215,
    "Error_Params_order_2": 4.456055641174316,
    "Error_Square_avg_order_1": 0.0537818968296051,
    "Error_Square_avg_order_2": 0.6281243562698364
}