{
    "eta": 0.021544346900318832,
    "step": 138,
    "Error_Params_order_1": 1.3712899684906006,
    "Error_Params_order_2": 1.3442676067352295,
    "Error_Square_avg_order_1": 0.013297080993652344,
    "Error_Square_avg_order_2": 0.44956234097480774
}