{
    "eta": 0.1,
    "step": 29,
    "Error_Params_order_1": 2.233859062194824,
    "Error_Params_order_2": 1.680285930633545,
    "Error_Square_avg_order_1": 0.08094385266304016,
    "Error_Square_avg_order_2": 2.070067882537842
}