{
    "eta": 0.1,
    "step": 29,
    "Error_Params_order_1": 1.0171294212341309,
    "Error_Params_order_2": 0.9648637771606445,
    "Error_Square_avg_order_1": 0.05153527855873108,
    "Error_Square_avg_order_2": 0.362604022026062
}