{
    "eta": 0.046415888336127795,
    "step": 64,
    "Error_Params_order_1": 1.387800693511963,
    "Error_Params_order_2": 1.4187841415405273,
    "Error_Square_avg_order_1": 0.025692224502563477,
    "Error_Square_avg_order_2": 0.5278195142745972
}