{
    "eta": 0.1,
    "step": 29,
    "Error_Params_order_1": 1.8570013046264648,
    "Error_Params_order_2": 1.3576970100402832,
    "Error_Square_avg_order_1": 0.07187545299530029,
    "Error_Square_avg_order_2": 0.6498208045959473
}