{
    "eta": 0.046415888336127795,
    "step": 64,
    "Error_Params_order_1": 1.3923726081848145,
    "Error_Params_order_2": 1.6118125915527344,
    "Error_Square_avg_order_1": 0.050938040018081665,
    "Error_Square_avg_order_2": 0.7638615369796753
}