{
    "eta": 0.2154434690031884,
    "step": 13,
    "Error_Params_order_1": 2.7398414611816406,
    "Error_Params_order_2": 0.653285026550293,
    "Error_Square_avg_order_1": 0.021732449531555176,
    "Error_Square_avg_order_2": 0.7393631339073181
}