{
    "eta": 0.1,
    "step": 29,
    "Error_Params_order_1": 1.603614330291748,
    "Error_Params_order_2": 1.6387271881103516,
    "Error_Square_avg_order_1": 0.03700658679008484,
    "Error_Square_avg_order_2": 0.5841165781021118
}