{
    "eta": 0.4641588833612779,
    "step": 5,
    "Error_Params_order_1": 0.6035394668579102,
    "Error_Params_order_2": 278847.5,
    "Error_Square_avg_order_1": 0.5408852696418762,
    "Error_Square_avg_order_2": 29.991308212280273
}