{
    "eta": 0.1,
    "step": 29,
    "Error_Params_order_1": 0.5391416549682617,
    "Error_Params_order_2": 1.1635417938232422,
    "Error_Square_avg_order_1": 0.08568233251571655,
    "Error_Square_avg_order_2": 1.8558433055877686
}