{
    "eta": 0.021544346900318832,
    "step": 138,
    "Error_Params_order_1": 1.3382713794708252,
    "Error_Params_order_2": 1.4931633472442627,
    "Error_Square_avg_order_1": 0.01766037940979004,
    "Error_Square_avg_order_2": 0.8440636396408081
}